Position,Company,Location,URL
라인프렌즈 2022년 각 부문 수시의 전체 세부 정보,라인프렌즈,서울 용산구,https://kr.indeed.com/rc/clk?jk=1015284880e2ff62&fccid=b6f22bcb6078a2c4&vjs=3
대전 소프트웨어 개발자 (Javascript  Springboot  EIS  Python)의 전체 세부 정보,더이에프,대전 유성구,https://kr.indeed.com/rc/clk?jk=1ee0ec546587c979&fccid=bb25a3c198f28b60&vjs=3
Data Scientist의 전체 세부 정보,IBM,서울,https://kr.indeed.com/rc/clk?jk=2a5ecd26ad63070c&fccid=de71a49b535e21cb&vjs=3
시니어 백엔드 개발자 (Python Django)의 전체 세부 정보,핏펫,서울 강남구,https://kr.indeed.com/rc/clk?jk=89395b6ac5014113&fccid=70ed64ccad0dda96&vjs=3
한국필립모리스 2022년 상반기 수시의 전체 세부 정보,한국필립모리스㈜,서울 영등포구,https://kr.indeed.com/rc/clk?jk=44e9ac7f0f94e784&fccid=fb7e65f74b012d18&vjs=3
응용소프트웨어 개발자(PYTHON) (신입/경력)의 전체 세부 정보,몽태랑인터내셔날,경기도 하남,https://kr.indeed.com/rc/clk?jk=a43a6539dcd7dfec&fccid=5e120efe3362b04a&vjs=3
2022년 더존비즈온 부산 확정형 교육 인재의 전체 세부 정보,더존비즈온,부산,https://kr.indeed.com/rc/clk?jk=50e377f72408f643&fccid=cbf26c2db1273160&vjs=3
한국행동과학연구소 각 부문 수시의 전체 세부 정보,한국행동과학연구소,서울 강남구,https://kr.indeed.com/rc/clk?jk=287a2f9783758916&fccid=bfea989faf5bd4e4&vjs=3
[네이버파이낸셜] FDS 데이터분석 담당자의 전체 세부 정보,네이버파이낸셜,성남 분당구,https://kr.indeed.com/rc/clk?jk=e95f700e77a1d237&fccid=27707db6e1b5bf22&vjs=3
자연어 처리  인공지능  데이터 사이언스 연구자 및 개발자의 전체 세부 정보,렉스코드,서울 서초구,https://kr.indeed.com/rc/clk?jk=56b48fb158a773f2&fccid=005cc3e287692b67&vjs=3
드론 개발자 (Python 경험자  Open CV 및 이미지 처리에 대한 기본적인 이해가 있으신 분)의 전체 세부 정보,어밸브,서울 서초구,https://kr.indeed.com/rc/clk?jk=576f0f785a1c2015&fccid=90e59c5d7146f2da&vjs=3
인공지능(딥러닝) 로봇 자동화 소프트웨어 개발자(Python우대)의 전체 세부 정보,주식회사 토트 관심기업,서울 성수동1가,https://kr.indeed.com/rc/clk?jk=058e9510f9548e49&fccid=bc605d141ca9f67d&vjs=3
[카카오 콘텐츠] 데이터 엔지니어 모집의 전체 세부 정보,카카오,대한민국,https://kr.indeed.com/rc/clk?jk=1174b224bed61f3d&fccid=2952458d506281b4&vjs=3
Machine Learning Engineer Intern - Korea의 전체 세부 정보,MOLOCO,서울,https://kr.indeed.com/rc/clk?jk=69d3cc2cca262747&fccid=27317bcae2b26fe5&vjs=3
개발자(PHP/Python/My SQL 등)의 전체 세부 정보,펫이지,서울 종로구,https://kr.indeed.com/rc/clk?jk=a9076a5370b2f808&fccid=156bb0350f6796cc&vjs=3
AI/데이터 직군 11월 공개의 전체 세부 정보,교원그룹,서울특별시,https://kr.indeed.com/rc/clk?jk=e73e405cc8df07f5&fccid=dd616958bd9ddc12&vjs=3
빅데이터  Python 외 신입/경력 정규직의 전체 세부 정보,국제도시물정보과학연구원,인천 연수구,https://kr.indeed.com/rc/clk?jk=abd6851cae93aec5&fccid=eb72b76e34326786&vjs=3
[FrontEnd] 웹서비스 프론트엔드 개발자의 전체 세부 정보,한국카카오은행,성남 분당구,https://kr.indeed.com/rc/clk?jk=cb4e34cfe6695150&fccid=aea6a13a3459fdb2&vjs=3
AWS 클라우드엔지니어의 전체 세부 정보,스마트디아그노시스,서울 마포구,https://kr.indeed.com/rc/clk?jk=ccd1d43784d307da&fccid=f4795b9234b4c245&vjs=3
기술 인턴 인공지능 응용 연구/개발 인턴의 전체 세부 정보,써로마인드로보틱스,서울 관악구,https://kr.indeed.com/rc/clk?jk=71c47ac87bb4087e&fccid=230e414668234579&vjs=3
Data Analyst의 전체 세부 정보,빔모빌리티코리아,서울 성동구,https://kr.indeed.com/rc/clk?jk=b04db1e91137efa3&fccid=e511b649c4727c0e&vjs=3
AI(딥러닝) 개발자 (Python  Pytorch  Ubuntu 경험자  AI 에 대한 이해가 있으신의 전체 세부 정보,어밸브,서울 서초구,https://kr.indeed.com/rc/clk?jk=66f886bf2e364837&fccid=90e59c5d7146f2da&vjs=3
한국행동과학연구소 전산직의 전체 세부 정보,한국행동과학연구소,서울 강남구,https://kr.indeed.com/rc/clk?jk=a4fd1b3afc25a790&fccid=bfea989faf5bd4e4&vjs=3
Node.js  Python기반 사내 시스템 프로그램 개발자 경력 2년 이상의 전체 세부 정보,트렌드헌터,서울 강남구,https://kr.indeed.com/rc/clk?jk=5aa466f05684c38a&fccid=98111c750b99afdc&vjs=3
파이썬 개발자(Python developer) !의 전체 세부 정보,애크미랩,경기도 하남,https://kr.indeed.com/rc/clk?jk=a13c7296ba61e378&fccid=7d08c55041404b21&vjs=3
[HYBE] 소프트웨어 엔지니어의 전체 세부 정보,하이브,서울 용산구,https://kr.indeed.com/rc/clk?jk=77b703a2be818f0c&fccid=55c46c15186153ee&vjs=3
영상처리  컴퓨터 비전 전문가 (신입/경력)의 전체 세부 정보,에바,성남 수정구,https://kr.indeed.com/rc/clk?jk=2642a83874ea6bab&fccid=5cc87f5890bd7170&vjs=3
Customer Engineer  Data Analytics  Digital Natives의 전체 세부 정보,구글코리아,서울 강남구,https://kr.indeed.com/rc/clk?jk=033d5ec091d9df41&fccid=28712efe9a7c8d8a&vjs=3
[로민] 백엔드(Back-end) 개발자의 전체 세부 정보,로민,서울 서초구,https://kr.indeed.com/rc/clk?jk=0c562829bc5f8209&fccid=0d0806ee63249f1f&vjs=3
레드팀(모의해킹) 스페셜리스트 경력의 전체 세부 정보,현대오토에버,서울 강남구,https://kr.indeed.com/rc/clk?jk=af5d00530817cf22&fccid=d5a22a3e93377742&vjs=3
Associate Consultant Intern의 전체 세부 정보,Mastercard,서울,https://kr.indeed.com/rc/clk?jk=acf53a07a0c4d06f&fccid=10b5c722d846df43&vjs=3
빅데이터  데이터분석 외 신입/경력 인턴의 전체 세부 정보,레드테이블,서울 중구,https://kr.indeed.com/rc/clk?jk=4ccea14b4d592c8b&fccid=ace798f3c93e0fc7&vjs=3
빅데이터  Python 외 경력 정규직의 전체 세부 정보,피에스알미디어,서울 강남구,https://kr.indeed.com/rc/clk?jk=5591375cce4af5cd&fccid=787dd1719236b765&vjs=3
Lighthouse 인턴 채용의 전체 세부 정보,삼정 KPMG,서울 강남구,https://kr.indeed.com/rc/clk?jk=577dd792f6217346&fccid=7651bf7c7525e8f6&vjs=3
[신용리스크모델링] 개인/개인사업자 신용평가모형 개발 및 운영 담당자의 전체 세부 정보,한국카카오은행,성남 분당구,https://kr.indeed.com/rc/clk?jk=193db7770ced1054&fccid=aea6a13a3459fdb2&vjs=3
Student Training in Engineering Program (STEP) 2022  People with Disabilities (장애인 채용)의 전체 세부 정보,Google,대한민국,https://kr.indeed.com/rc/clk?jk=f8fe6fe8d5e8f401&fccid=a5b4499d9e91a5c6&vjs=3
UX Researcher의 전체 세부 정보,LINE Plus corporation,대한민국,https://kr.indeed.com/rc/clk?jk=23dba89edb8a10d9&fccid=e90e80bc9ed9a53f&vjs=3
딥엑스 NPU SDK (DXNN) 개발 엔지니어의 전체 세부 정보,딥엑스,성남 분당구,https://kr.indeed.com/rc/clk?jk=8e91aa6c93de1790&fccid=e34932b8232a173b&vjs=3
2022년도 하반기 직원의 전체 세부 정보,더케이교직원나라,서울 종로구,https://kr.indeed.com/rc/clk?jk=bf4a1c92b9fdee22&fccid=cc9be4d8b34613d1&vjs=3
[글로벌디지털마케팅] Python Backend Engineer 정규직의 전체 세부 정보,콘센트릭스서비스코리아,서울 용산구,https://kr.indeed.com/rc/clk?jk=67def202b8c35365&fccid=7789b87d5d996c4a&vjs=3
[nasmedia] 2022년 11월 nasmedia의 전체 세부 정보,나스미디어,서울 강남구,https://kr.indeed.com/rc/clk?jk=9b7f610c7932ce06&fccid=ffeb1fa02eefd475&vjs=3
[Cloud] Kubernetes Engineer의 전체 세부 정보,한국카카오은행,성남 분당구,https://kr.indeed.com/rc/clk?jk=0cf14375eeb58150&fccid=aea6a13a3459fdb2&vjs=3
[Engineering Div.] Security CERT Engineer (8년 이상)의 전체 세부 정보,크래프톤,서울 강남구,https://kr.indeed.com/rc/clk?jk=0a47e160e852777b&fccid=0aeb279b74dee723&vjs=3
Machine Learning Researcher (Computer Vision)의 전체 세부 정보,BOEING,서울,https://kr.indeed.com/rc/clk?jk=5086b5e5634ebf05&fccid=edae4285faf6c2f0&vjs=3
Junior Data Scientist의 전체 세부 정보,Logistics Management Institute,서울,https://kr.indeed.com/rc/clk?jk=ffcab40699b79c6b&fccid=12626f295bf6a003&vjs=3
Data Engineering 분야 전문가/개발자의 전체 세부 정보,에스케이텔레콤,서울 중구,https://kr.indeed.com/rc/clk?jk=7be4ba603557c470&fccid=ce2f0f28b40a5be8&vjs=3
Python 서버 어플리케이션 개발자의 전체 세부 정보,바인테크,서울 송파구,https://kr.indeed.com/rc/clk?jk=8a7c4886df34e482&fccid=aef44811e748bebe&vjs=3
AI 비전엔지니어부문 인재의 전체 세부 정보,신세계아이앤씨,서울 중구,https://kr.indeed.com/rc/clk?jk=7fdb743a06f60d24&fccid=7009e9adee12ff99&vjs=3
기술 문서 작성 전문가의 전체 세부 정보,딥엑스,성남 분당구,https://kr.indeed.com/rc/clk?jk=44f52ea73a6d25da&fccid=e34932b8232a173b&vjs=3
딥러닝 알고리즘 및 응용 Engineer의 전체 세부 정보,딥엑스,성남 분당구,https://kr.indeed.com/rc/clk?jk=35f0a25dee5f3312&fccid=e34932b8232a173b&vjs=3
[클라우드시스템엔지니어링] 시스템 엔지니어 영입의 전체 세부 정보,카카오엔터프라이즈,성남 분당구,https://kr.indeed.com/rc/clk?jk=64cf858fd8d27c42&fccid=e19aa33fc391b310&vjs=3
Python/Django 백엔드 개발자 (2년 이상)의 전체 세부 정보,벨루가브루어리,서울 마포구,https://kr.indeed.com/rc/clk?jk=f1e0275e8267c701&fccid=fefb166bd08e31f3&vjs=3
LINE Wallet & Fintech - ML/Data Scientist의 전체 세부 정보,LINE Plus corporation,대한민국,https://kr.indeed.com/rc/clk?jk=9afed99204907bdf&fccid=e90e80bc9ed9a53f&vjs=3
[카카오커머스] 기술직군의 전체 세부 정보,카카오커머스,성남 분당구,https://kr.indeed.com/rc/clk?jk=2b9e604e63e7e46d&fccid=b1f5de6cae96f6c2&vjs=3
추천 시스템 연구/개발의 전체 세부 정보,카카오,성남 판교역,https://kr.indeed.com/rc/clk?jk=be6c1f03fa566f8e&fccid=2952458d506281b4&vjs=3
ML/DL Data Scientist의 전체 세부 정보,현대카드 캐피탈,서울 영등포구,https://kr.indeed.com/rc/clk?jk=8d82ffc3587320ea&fccid=fcc6d6b229369ff5&vjs=3
[NAVER Z] 데이터 엔지니어의 전체 세부 정보,네이버제트,성남 분당구,https://kr.indeed.com/rc/clk?jk=31aef63fb23d8048&fccid=bc34e4450e078d19&vjs=3
분석모델의 전체 세부 정보,KB데이타시스템,서울 마포구,https://kr.indeed.com/rc/clk?jk=d1a1b7bf3790b2e1&fccid=fe227fbd2afb9580&vjs=3
[외국계상장사]데이터분석가(Data Analyst)의 전체 세부 정보,인코리아 프로페셔널,서울 강남구,https://kr.indeed.com/rc/clk?jk=7ad982fec3792221&fccid=842365965c1f45a0&vjs=3
[선행기술원] Quantum Information - 양자 알고리즘[책임연구원]의 전체 세부 정보,현대자동차그룹,성남 판교역,https://kr.indeed.com/rc/clk?jk=95bead20034b3ade&fccid=980d6ecc399a3373&vjs=3
DNN 모델 개발 엔지니어의 전체 세부 정보,딥엑스,성남 분당구,https://kr.indeed.com/rc/clk?jk=303d8c644a5f2e0f&fccid=e34932b8232a173b&vjs=3
Cloud Security Engineer의 전체 세부 정보,센드버드코리아,서울 서초구,https://kr.indeed.com/rc/clk?jk=3530ffd7f5cba550&fccid=9e391845b281ff0f&vjs=3
Customer Engineer  Machine Learning   Google Cloud의 전체 세부 정보,구글코리아,서울 강남구,https://kr.indeed.com/rc/clk?jk=2b44afde60605e15&fccid=28712efe9a7c8d8a&vjs=3
[롯데정보통신] 칠성IS팀 Data Engineer의 전체 세부 정보,롯데정보통신,서울,https://kr.indeed.com/rc/clk?jk=0891af675c134739&fccid=ae6a0ecfe23adfb7&vjs=3
Growth/Business Analyst의 전체 세부 정보,티맵모빌리티,서울 중구,https://kr.indeed.com/rc/clk?jk=347ec8aeeac895e5&fccid=8304e37f079fa8d6&vjs=3
2022년 상반기 주식회사 쏘마 전 개발 직군 (백엔드  프론트엔드 외 신입/경력 정규직)의 전체 세부 정보,쏘마,성남 분당구,https://kr.indeed.com/rc/clk?jk=13ef6f86810c0843&fccid=a3463f311ce6421e&vjs=3
[경력] 컴퓨터비전 딥러닝/AI R&D 엔지니어 (석사이상)의 전체 세부 정보,구름,성남 분당구,https://kr.indeed.com/rc/clk?jk=e1b52601ebfa9d84&fccid=93116efd0859e0ce&vjs=3
[브랜드마케팅] 퍼포먼스 마케터 (매체전략/운영) 부문의 전체 세부 정보,플랜트코퍼레이션,서울 금천구,https://kr.indeed.com/rc/clk?jk=bc657e66a997f24e&fccid=938eb1243c278734&vjs=3
[리얼클래스]백엔드 개발자 (Backend Developer  Python/Django)의 전체 세부 정보,퀄슨,서울 강남구,https://kr.indeed.com/rc/clk?jk=8d19300dd064507d&fccid=868600ac897032bf&vjs=3
[Data] 분석 데이터 엔지니어의 전체 세부 정보,한국카카오은행,성남 분당구,https://kr.indeed.com/rc/clk?jk=f8f2a1ea9fc39429&fccid=aea6a13a3459fdb2&vjs=3
호텔 / 여행 / 여행IT 직군 11월 공개의 전체 세부 정보,교원그룹,서울특별시,https://kr.indeed.com/rc/clk?jk=3086c695c81c37dd&fccid=dd616958bd9ddc12&vjs=3
파이썬 개발자 초중급 이상의 전체 세부 정보,데이터앤솔루션,서울 서초구,https://kr.indeed.com/rc/clk?jk=d158e683dc0b7500&fccid=02f32b94107c54e3&vjs=3
DW Ops 엔지니어의 전체 세부 정보,컬리,서울 강남구,https://kr.indeed.com/rc/clk?jk=ad19db15f2bb34b0&fccid=84f556ede0522ba3&vjs=3
[글로벌보안본부] 정보보안 담당자의 전체 세부 정보,Nexon,경기도 성남,https://kr.indeed.com/rc/clk?jk=e372fd6147cb340e&fccid=aba87288e4cc3687&vjs=3
데이터 엔지니어의 전체 세부 정보,위메이드플레이,성남 분당구,https://kr.indeed.com/rc/clk?jk=92949deb447d28cb&fccid=fd962b8784a6d55e&vjs=3
